{
  "project_info": {
    "project_number": "323840427515",
    "project_id": "aps-1tentativa-8ef24",
    "storage_bucket": "aps-1tentativa-8ef24.appspot.com"
  },
  "client": [
    {
      "client_info": {
        "mobilesdk_app_id": "1:323840427515:android:597d2108cdd2fa6a9ef75e",
        "android_client_info": {
          "package_name": "com.example.aps_1tentativa"
        }
      },
      "oauth_client": [
        {
          "client_id": "323840427515-n50slvan36d0j1351m5mqhnp1ddhof33.apps.googleusercontent.com",
          "client_type": 3
        }
      ],
      "api_key": [
        {
          "current_key": "AIzaSyBDgwFbQsZ6RJmp59EbD2l_5daJbf4fKUA"
        }
      ],
      "services": {
        "appinvite_service": {
          "other_platform_oauth_client": [
            {
              "client_id": "323840427515-n50slvan36d0j1351m5mqhnp1ddhof33.apps.googleusercontent.com",
              "client_type": 3
            }
          ]
        }
      }
    }
  ],
  "configuration_version": "1"
}